"Worldwide All Population, 2010", , 
"Year: 2010", , 
"Religious Affiliation: All Religions", , 
"Data Type: Number", , 
"Age Group: all", , 
"Gender: all", , 
, , 
iso_code, name, value
"", "Europe", "742550000"
"", "Middle East-North Africa", "341020000"
"", "Sub-Saharan Africa", "822730000"
"", "Asia-Pacific", "4054940000"
"AF", "Afghanistan", "31410000"
"DZ", "Algeria", "35470000"
"AL", "Albania", "3200000"
"AS", "American Samoa", "60000"
"AD", "Andorra", "80000"
"AI", "Anguilla", "10000"
"AO", "Angola", "19080000"
"AG", "Antigua and Barbuda", "90000"
"AR", "Argentina", "40410000"
"AM", "Armenia", "3090000"
"AU", "Australia", "22270000"
"AW", "Aruba", "110000"
"AZ", "Azerbaijan", "9190000"
"AT", "Austria", "8390000"
"BS", "Bahamas", "340000"
"BH", "Bahrain", "1260000"
"BD", "Bangladesh", "148690000"
"BY", "Belarus", "9600000"
"BB", "Barbados", "270000"
"BE", "Belgium", "10710000"
"BJ", "Benin", "8850000"
"BZ", "Belize", "310000"
"BM", "Bermuda", "60000"
"BO", "Bolivia", "9930000"
"BT", "Bhutan", "730000"
"BW", "Botswana", "2010000"
"BA", "Bosnia-Herzegovina", "3760000"
"VG", "British Virgin Islands", "30000"
"BR", "Brazil", "194950000"
"BG", "Bulgaria", "7490000"
"BN", "Brunei", "400000"
"BF", "Burkina Faso", "16470000"
"BI", "Burundi", "8380000"
"CM", "Cameroon", "19600000"
"KH", "Cambodia", "14140000"
"CV", "Cape Verde", "500000"
"CA", "Canada", "34020000"
"CF", "Central African Republic", "4400000"
"KY", "Cayman Islands", "60000"
"GG", "Channel Islands", "150000"
"TD", "Chad", "11230000"
"CL", "Chile", "17110000"
"CN", "China", "1341310000"
"KM", "Comoros", "730000"
"CO", "Colombia", "46290000"
"CD", "Democratic Republic of the Congo", "65970000"
"CG", "Republic of the Congo", "4040000"
"CR", "Costa Rica", "4660000"
"CK", "Cook Islands", "20000"
"HR", "Croatia", "4400000"
"CI", "Ivory Coast", "19740000"
"CY", "Cyprus", "1100000"
"CU", "Cuba", "11260000"
"CZ", "Czech Republic", "10490000"
"DK", "Denmark", "5550000"
"DM", "Dominica", "70000"
"DJ", "Djibouti", "890000"
"DO", "Dominican Republic", "9930000"
"EC", "Ecuador", "14460000"
"EG", "Egypt", "81120000"
"SV", "El Salvador", "6190000"
"ER", "Eritrea", "5250000"
"GQ", "Equatorial Guinea", "700000"
"ET", "Ethiopia", "82950000"
"EE", "Estonia", "1340000"
"FK", "Falkland Islands (Malvinas)", "<10000"
"FO", "Faeroe Islands", "50000"
"FJ", "Fiji", "860000"
"FI", "Finland", "5360000"
"FR", "France", "62790000"
"GF", "French Guiana", "230000"
"PF", "French Polynesia", "270000"
"GA", "Gabon", "1510000"
"GM", "Gambia", "1730000"
"GE", "Georgia", "4350000"
"DE", "Germany", "82300000"
"GH", "Ghana", "24390000"
"GR", "Greece", "11360000"
"GD", "Grenada", "100000"
"GI", "Gibraltar", "30000"
"GL", "Greenland", "60000"
"GU", "Guam", "180000"
"GP", "Guadeloupe", "460000"
"GN", "Guinea", "9980000"
"GT", "Guatemala", "14390000"
"GY", "Guyana", "750000"
"GW", "Guinea-Bissau", "1520000"
"HT", "Haiti", "9990000"
"VA", "Vatican City", "<10000"
"HK", "Hong Kong", "7050000"
"HN", "Honduras", "7600000"
"IS", "Iceland", "320000"
"HU", "Hungary", "9980000"
"ID", "Indonesia", "239870000"
"IN", "India", "1224620000"
"IR", "Iran", "73980000"
"IQ", "Iraq", "31670000"
"IE", "Ireland", "4470000"
"IM", "Isle of Man", "80000"
"IT", "Italy", "60550000"
"IL", "Israel", "7420000"
"JM", "Jamaica", "2740000"
"JP", "Japan", "126540000"
"KZ", "Kazakhstan", "16030000"
"JO", "Jordan", "6190000"
"KE", "Kenya", "40510000"
"KI", "Kiribati", "100000"
"KW", "Kuwait", "2740000"
"KS", "Kosovo", "1770000"
"LA", "Laos", "6200000"
"KG", "Kyrgyzstan", "5330000"
"LB", "Lebanon", "4230000"
"LV", "Latvia", "2250000"
"LR", "Liberia", "3990000"
"LS", "Lesotho", "2170000"
"LI", "Liechtenstein", "40000"
"LY", "Libya", "6360000"
"LT", "Lithuania", "3320000"
"LU", "Luxembourg", "510000"
"MK", "Republic of Macedonia", "2060000"
"MO", "Macau", "540000"
"MW", "Malawi", "14900000"
"MG", "Madagascar", "20710000"
"MY", "Malaysia", "28400000"
"MV", "Maldives", "320000"
"ML", "Mali", "15370000"
"MT", "Malta", "420000"
"MQ", "Martinique", "410000"
"MH", "Marshall Islands", "50000"
"MU", "Mauritius", "1300000"
"MR", "Mauritania", "3460000"
"YT", "Mayotte", "200000"
"MX", "Mexico", "113420000"
"MD", "Moldova", "3570000"
"FM", "Federated States of Micronesia", "110000"
"MN", "Mongolia", "2760000"
"MC", "Monaco", "40000"
"ME", "Montenegro", "630000"
"MS", "Montserrat", "<10000"
"MZ", "Mozambique", "23390000"
"MA", "Morocco", "31950000"
"NA", "Namibia", "2280000"
"MM", "Burma (Myanmar)", "47960000"
"NP", "Nepal", "29960000"
"NR", "Nauru", "10000"
"NC", "New Caledonia", "250000"
"NL", "Netherlands", "16610000"
"NZ", "New Zealand", "4370000"
"NI", "Nicaragua", "5790000"
"NE", "Niger", "15510000"
"NG", "Nigeria", "158420000"
"NU", "Niue", "<10000"
"KP", "North Korea", "24350000"
"NO", "Norway", "4880000"
"MP", "Northern Mariana Islands", "50000"
"PK", "Pakistan", "173590000"
"OM", "Oman", "2780000"
"PS", "Palestinian territories", "4040000"
"PW", "Palau", "20000"
"PA", "Panama", "3520000"
"PG", "Papua New Guinea", "6860000"
"PY", "Paraguay", "6450000"
"PE", "Peru", "29080000"
"PL", "Poland", "38280000"
"PH", "Philippines", "93260000"
"PR", "Puerto Rico", "3750000"
"PT", "Portugal", "10680000"
"RE", "Reunion", "850000"
"QA", "Qatar", "1760000"
"RU", "Russia", "142960000"
"RO", "Romania", "21490000"
"SH", "St. Helena", "<10000"
"RW", "Rwanda", "10620000"
"LC", "St. Lucia", "170000"
"VC", "St. Vincent and the Grenadines", "110000"
"SM", "San Marino", "30000"
"KN", "St. Kitts and Nevis", "50000"
"PM", "St. Pierre and Miquelon", "<10000"
"SA", "Saudi Arabia", "27450000"
"WS", "Samoa", "180000"
"ST", "Sao Tome and Principe", "170000"
"RS", "Serbia", "8090000"
"SN", "Senegal", "12430000"
"SL", "Sierra Leone", "5870000"
"SC", "Seychelles", "90000"
"SG", "Singapore", "5090000"
"SK", "Slovakia", "5460000"
"SI", "Slovenia", "2030000"
"SB", "Solomon Islands", "540000"
"SO", "Somalia", "9330000"
"ZA", "South Africa", "50130000"
"ES", "Spain", "46080000"
"KR", "South Korea", "48180000"
"LK", "Sri Lanka", "20860000"
"SD", "Sudan", "33600000"
"SR", "Suriname", "520000"
"SZ", "Swaziland", "1190000"
"SE", "Sweden", "9380000"
"CH", "Switzerland", "7660000"
"TW", "Taiwan", "23220000"
"SY", "Syria", "20410000"
"TZ", "Tanzania", "44840000"
"TJ", "Tajikistan", "6880000"
"TL", "Timor-Leste", "1120000"
"TH", "Thailand", "69120000"
"TK", "Tokelau", "<10000"
"TG", "Togo", "6030000"
"TO", "Tonga", "100000"
"TT", "Trinidad and Tobago", "1340000"
"TR", "Turkey", "72750000"
"TN", "Tunisia", "10480000"
"TM", "Turkmenistan", "5040000"
"TC", "Turks and Caicos Islands", "30000"
"UG", "Uganda", "33420000"
"TV", "Tuvalu", "<10000"
"AE", "United Arab Emirates", "7510000"
"UA", "Ukraine", "45450000"
"GB", "United Kingdom", "62040000"
"US", "United States", "310380000"
"UY", "Uruguay", "3370000"
"VI", "U.S. Virgin Islands", "110000"
"VU", "Vanuatu", "240000"
"UZ", "Uzbekistan", "27450000"
"VN", "Vietnam", "87850000"
"VE", "Venezuela", "28980000"
"EH", "Western Sahara", "530000"
"WF", "Wallis and Futuna", "10000"
"YE", "Yemen", "24050000"
"ZM", "Zambia", "13090000"
"ZW", "Zimbabwe", "12570000"
"SS", "South Sudan", "9950000"
"SX", "Sint Maarten", "40000"
"CW", "Curacao", "150000"
"BQ", "Caribbean Netherlands", "20000"
"", "North America", "344530000"
"", "Latin America-Caribbean", "590080000"
, , , 
"Percentages are calculated from unrounded numbers. Figures may not add exactly due to rounding. Populations of less than 10,000 are shown as <10,000. Populations of 10,000 and more are rounded to the nearest 10,000. For definitions of religious groups, see About the Data.", , 
http://globalreligiousfutures.org/explorer/about-GRF-data, , 
