"Worldwide Unaffiliated Population, 2020", , 
"Year: 2020", , 
"Religious Affiliation: Unaffiliated", , 
"Data Type: Number", , 
"Age Group: all", , 
"Gender: all", , 
, , 
iso_code, name, value
"", "North America", "71270000"
"", "Latin America-Caribbean", "52430000"
"", "Europe", "148410000"
"", "Middle East-North Africa", "2480000"
"", "Sub-Saharan Africa", "31330000"
"AF", "Afghanistan", "<10000"
"", "Asia-Pacific", "887840000"
"AL", "Albania", "30000"
"DZ", "Algeria", "740000"
"AD", "Andorra", "<10000"
"AS", "American Samoa", "<10000"
"AO", "Angola", "1270000"
"AG", "Antigua and Barbuda", "<10000"
"AI", "Anguilla", "<10000"
"AR", "Argentina", "5320000"
"AM", "Armenia", "40000"
"AW", "Aruba", "<10000"
"AT", "Austria", "1250000"
"AU", "Australia", "6990000"
"BS", "Bahamas", "10000"
"AZ", "Azerbaijan", "<10000"
"BH", "Bahrain", "30000"
"BD", "Bangladesh", "<10000"
"BY", "Belarus", "2690000"
"BB", "Barbados", "<10000"
"BE", "Belgium", "3370000"
"BZ", "Belize", "30000"
"BM", "Bermuda", "10000"
"BO", "Bolivia", "480000"
"BJ", "Benin", "600000"
"BT", "Bhutan", "<10000"
"BW", "Botswana", "390000"
"VG", "British Virgin Islands", "<10000"
"BA", "Bosnia-Herzegovina", "80000"
"BR", "Brazil", "17620000"
"BN", "Brunei", "<10000"
"BG", "Bulgaria", "320000"
"BF", "Burkina Faso", "110000"
"BI", "Burundi", "<10000"
"KH", "Cambodia", "30000"
"CA", "Canada", "8950000"
"KY", "Cayman Islands", "<10000"
"CM", "Cameroon", "1260000"
"TD", "Chad", "350000"
"CV", "Cape Verde", "50000"
"CL", "Chile", "1800000"
"CF", "Central African Republic", "50000"
"GG", "Channel Islands", "20000"
"CO", "Colombia", "3510000"
"CN", "China", "720100000"
"CG", "Republic of the Congo", "410000"
"KM", "Comoros", "<10000"
"CK", "Cook Islands", "<10000"
"CD", "Democratic Republic of the Congo", "1450000"
"CR", "Costa Rica", "420000"
"CI", "Ivory Coast", "1970000"
"HR", "Croatia", "220000"
"CU", "Cuba", "2600000"
"CZ", "Czech Republic", "8280000"
"CY", "Cyprus", "20000"
"DJ", "Djibouti", "<10000"
"DK", "Denmark", "680000"
"DM", "Dominica", "<10000"
"DO", "Dominican Republic", "1230000"
"EC", "Ecuador", "920000"
"EG", "Egypt", "<10000"
"GQ", "Equatorial Guinea", "40000"
"SV", "El Salvador", "740000"
"ER", "Eritrea", "<10000"
"EE", "Estonia", "770000"
"ET", "Ethiopia", "60000"
"FO", "Faeroe Islands", "<10000"
"FJ", "Fiji", "<10000"
"FK", "Falkland Islands (Malvinas)", "<10000"
"FI", "Finland", "1140000"
"FR", "France", "20830000"
"GF", "French Guiana", "10000"
"PF", "French Polynesia", "10000"
"GA", "Gabon", "110000"
"GM", "Gambia", "<10000"
"GE", "Georgia", "30000"
"DE", "Germany", "21150000"
"GI", "Gibraltar", "<10000"
"GL", "Greenland", "<10000"
"GH", "Ghana", "1160000"
"GP", "Guadeloupe", "10000"
"GT", "Guatemala", "720000"
"GR", "Greece", "690000"
"GD", "Grenada", "<10000"
"GU", "Guam", "<10000"
"GW", "Guinea-Bissau", "80000"
"GN", "Guinea", "230000"
"HT", "Haiti", "1230000"
"HN", "Honduras", "950000"
"GY", "Guyana", "20000"
"VA", "Vatican City", "<10000"
"HK", "Hong Kong", "4090000"
"HU", "Hungary", "1970000"
"IN", "India", "900000"
"IS", "Iceland", "10000"
"IR", "Iran", "100000"
"ID", "Indonesia", "240000"
"IE", "Ireland", "400000"
"IQ", "Iraq", "50000"
"IM", "Isle of Man", "10000"
"IL", "Israel", "280000"
"IT", "Italy", "8100000"
"JM", "Jamaica", "500000"
"JP", "Japan", "74780000"
"JO", "Jordan", "<10000"
"KZ", "Kazakhstan", "720000"
"KE", "Kenya", "1200000"
"KS", "Kosovo", "<10000"
"KI", "Kiribati", "<10000"
"KG", "Kyrgyzstan", "30000"
"KW", "Kuwait", "<10000"
"LV", "Latvia", "960000"
"LA", "Laos", "60000"
"LS", "Lesotho", "70000"
"LY", "Libya", "10000"
"LB", "Lebanon", "10000"
"LT", "Lithuania", "310000"
"MO", "Macau", "90000"
"LR", "Liberia", "70000"
"LI", "Liechtenstein", "<10000"
"MG", "Madagascar", "2010000"
"LU", "Luxembourg", "140000"
"MK", "Republic of Macedonia", "30000"
"MY", "Malaysia", "200000"
"ML", "Mali", "110000"
"MW", "Malawi", "410000"
"MV", "Maldives", "<10000"
"MH", "Marshall Islands", "<10000"
"MT", "Malta", "10000"
"MQ", "Martinique", "<10000"
"MR", "Mauritania", "<10000"
"YT", "Mayotte", "<10000"
"MU", "Mauritius", "10000"
"FM", "Federated States of Micronesia", "<10000"
"MX", "Mexico", "7240000"
"MC", "Monaco", "<10000"
"MD", "Moldova", "40000"
"MN", "Mongolia", "1160000"
"ME", "Montenegro", "20000"
"MA", "Morocco", "<10000"
"MS", "Montserrat", "<10000"
"MM", "Burma (Myanmar)", "260000"
"MZ", "Mozambique", "5020000"
"NR", "Nauru", "<10000"
"NA", "Namibia", "50000"
"NL", "Netherlands", "7550000"
"NP", "Nepal", "90000"
"NC", "New Caledonia", "30000"
"NZ", "New Zealand", "1910000"
"NE", "Niger", "170000"
"NI", "Nicaragua", "870000"
"NU", "Niue", "<10000"
"MP", "Northern Mariana Islands", "<10000"
"NG", "Nigeria", "790000"
"KP", "North Korea", "18070000"
"NO", "Norway", "600000"
"OM", "Oman", "10000"
"PW", "Palau", "<10000"
"PA", "Panama", "200000"
"PK", "Pakistan", "30000"
"PS", "Palestinian territories", "<10000"
"PY", "Paraguay", "90000"
"PG", "Papua New Guinea", "<10000"
"PH", "Philippines", "110000"
"PT", "Portugal", "890000"
"PE", "Peru", "1010000"
"QA", "Qatar", "20000"
"PL", "Poland", "2780000"
"PR", "Puerto Rico", "80000"
"RO", "Romania", "20000"
"RE", "Reunion", "20000"
"RW", "Rwanda", "430000"
"RU", "Russia", "21190000"
"SH", "St. Helena", "<10000"
"KN", "St. Kitts and Nevis", "<10000"
"PM", "St. Pierre and Miquelon", "<10000"
"LC", "St. Lucia", "10000"
"WS", "Samoa", "<10000"
"ST", "Sao Tome and Principe", "30000"
"VC", "St. Vincent and the Grenadines", "<10000"
"SM", "San Marino", "<10000"
"SN", "Senegal", "<10000"
"SA", "Saudi Arabia", "210000"
"SC", "Seychelles", "<10000"
"RS", "Serbia", "260000"
"SL", "Sierra Leone", "<10000"
"SG", "Singapore", "970000"
"SK", "Slovakia", "880000"
"SI", "Slovenia", "380000"
"SB", "Solomon Islands", "<10000"
"SO", "Somalia", "<10000"
"ZA", "South Africa", "8220000"
"KR", "South Korea", "23250000"
"ES", "Spain", "10190000"
"LK", "Sri Lanka", "<10000"
"SD", "Sudan", "440000"
"SR", "Suriname", "40000"
"SE", "Sweden", "2860000"
"SY", "Syria", "500000"
"SZ", "Swaziland", "130000"
"TJ", "Tajikistan", "130000"
"CH", "Switzerland", "1800000"
"TH", "Thailand", "200000"
"TW", "Taiwan", "3190000"
"TZ", "Tanzania", "1000000"
"TL", "Timor-Leste", "<10000"
"TG", "Togo", "450000"
"TK", "Tokelau", "<10000"
"TO", "Tonga", "<10000"
"TT", "Trinidad and Tobago", "30000"
"TN", "Tunisia", "30000"
"TM", "Turkmenistan", "30000"
"TV", "Tuvalu", "<10000"
"TR", "Turkey", "960000"
"TC", "Turks and Caicos Islands", "<10000"
"UA", "Ukraine", "5370000"
"UG", "Uganda", "230000"
"AE", "United Arab Emirates", "100000"
"GB", "United Kingdom", "20070000"
"US", "United States", "62310000"
"VI", "U.S. Virgin Islands", "<10000"
"UY", "Uruguay", "1450000"
"UZ", "Uzbekistan", "240000"
"VU", "Vanuatu", "<10000"
"VE", "Venezuela", "3220000"
"WF", "Wallis and Futuna", "<10000"
"VN", "Vietnam", "28760000"
"YE", "Yemen", "30000"
"EH", "Western Sahara", "<10000"
"ZM", "Zambia", "100000"
"ZW", "Zimbabwe", "1110000"
"SS", "South Sudan", "60000"
"CW", "Curacao", "<10000"
"BQ", "Caribbean Netherlands", "<10000"
"SX", "Sint Maarten", "<10000"
, , , 
"Percentages are calculated from unrounded numbers. Figures may not add exactly due to rounding. Populations of less than 10,000 are shown as <10,000. Populations of 10,000 and more are rounded to the nearest 10,000. For definitions of religious groups, see About the Data.", , 
http://globalreligiousfutures.org/explorer/about-GRF-data, , 
